[{
  "_id": {
    "$oid": "6379b81076008b00d73043ca"
  },
  "userid": "gkswotmd96@naver.com",
  "content": "ㅎㅇ",
  "sendTime": "2022-11-20 14:16:02",
  "_class": "chats"
},{
  "_id": {
    "$oid": "6379b83176008b00d73043cb"
  },
  "userid": "gkswotmd96@naver.com",
  "content": "ㅎㄹ",
  "sendTime": "2022-11-20 14:16:35",
  "_class": "chats"
},{
  "_id": {
    "$oid": "6379b83476008b00d73043cc"
  },
  "userid": "a01031619988@gmail.com",
  "content": "ㅎ",
  "sendTime": "2022-11-20 14:16:35",
  "_class": "chats"
},{
  "_id": {
    "$oid": "6379b99d76008b00d73043cd"
  },
  "userid": "gkswotmd96@naver.com",
  "content": "ㅎㅇ",
  "sendTime": "2022-11-20 14:22:39",
  "_class": "chats"
},{
  "_id": {
    "$oid": "6379ba6376008b00d73043ce"
  },
  "userid": "gkswotmd96@naver.com",
  "content": "ㅎㅇ",
  "sendTime": "2022-11-20 14:25:57",
  "_class": "chats"
},{
  "_id": {
    "$oid": "6379bd0c76008b00d73043cf"
  },
  "userid": "gkswotmd96@naver.com",
  "content": "ㅎㅇ",
  "sendTime": "2022-11-20 14:37:18",
  "_class": "chats"
},{
  "_id": {
    "$oid": "6379c3e076008b00d73043d0"
  },
  "userid": "saorin12@naver.com",
  "content": "어 입장된다",
  "sendTime": "2022-11-20 15:06:23",
  "_class": "chats"
},{
  "_id": {
    "$oid": "6379c3e376008b00d73043d1"
  },
  "userid": "saorin12@naver.com",
  "content": "뭐지",
  "sendTime": "2022-11-20 15:06:26",
  "_class": "chats"
},{
  "_id": {
    "$oid": "6379d85dbd2be46e59e7bcbe"
  },
  "userid": "saorin12@naver.com",
  "content": "ㅎㅇㅇ",
  "sendTime": "2022-11-20 16:33:48",
  "_class": "chats"
},{
  "_id": {
    "$oid": "6379da11fa04d413dc892256"
  },
  "userid": "a01031619988@gmail.com",
  "content": "ㅎㅇ",
  "sendTime": "2022-11-20 16:41:05",
  "_class": "chats"
},{
  "_id": {
    "$oid": "6379da15fa04d413dc892257"
  },
  "userid": "gkswotmd96@naver.com",
  "content": "ㅎㅇ",
  "sendTime": "2022-11-20 16:41:08",
  "_class": "chats"
},{
  "_id": {
    "$oid": "6379de75fa04d413dc892258"
  },
  "userid": "a01031619988@gmail.com",
  "content": "ㅎㅇ",
  "sendTime": "2022-11-20 16:59:49",
  "_class": "chats"
},{
  "_id": {
    "$oid": "6379debdfa04d413dc892259"
  },
  "userid": "gkswotmd96@naver.com",
  "content": "오늘몇시 퇴근?",
  "sendTime": "2022-11-20 17:01:01",
  "_class": "chats"
},{
  "_id": {
    "$oid": "6379dedcfa04d413dc89225a"
  },
  "userid": "a01031619988@gmail.com",
  "content": "오늘은 칼퇴하고 싶다",
  "sendTime": "2022-11-20 17:01:32",
  "_class": "chats"
},{
  "_id": {
    "$oid": "6379e2078e2f39382291205c"
  },
  "userid": "a01031619988@gmail.com",
  "content": "아령하세요",
  "sendTime": "2022-11-20 17:15:03",
  "_class": "chats"
},{
  "_id": {
    "$oid": "6379e20e8e2f39382291205d"
  },
  "userid": "a01031619988@gmail.com",
  "content": "저는퇴근합니다",
  "sendTime": "2022-11-20 17:15:10",
  "_class": "chats"
},{
  "_id": {
    "$oid": "6379e2d28e2f39382291205e"
  },
  "userid": "goku090@naver.com",
  "content": "ㅇㅇㅇ",
  "sendTime": "2022-11-20 17:18:29",
  "_class": "chats"
},{
  "_id": {
    "$oid": "6379e2d48e2f39382291205f"
  },
  "userid": "goku090@naver.com",
  "content": "하이하이",
  "sendTime": "2022-11-20 17:18:31",
  "_class": "chats"
},{
  "_id": {
    "$oid": "6379e2da8e2f393822912060"
  },
  "userid": "goku090@naver.com",
  "content": "댄싱머신",
  "sendTime": "2022-11-20 17:18:37",
  "_class": "chats"
},{
  "_id": {
    "$oid": "6379e6ca9fa05e748b39e83b"
  },
  "userid": "gkswotmd96@naver.com",
  "content": "누구야",
  "sendTime": "2022-11-20 17:35:21",
  "_class": "chats"
},{
  "_id": {
    "$oid": "6379e6d59fa05e748b39e83c"
  },
  "userid": "gkswotmd96@naver.com",
  "content": "난가",
  "sendTime": "2022-11-20 17:35:32",
  "_class": "chats"
},{
  "_id": {
    "$oid": "6379e945689c26284dec7924"
  },
  "userid": "goku090@naver.com",
  "content": "빌런지망생 ㅎㅇ",
  "sendTime": "2022-11-20 17:46:00",
  "_class": "chats"
},{
  "_id": {
    "$oid": "6379e94a689c26284dec7925"
  },
  "userid": "a01031619988@gmail.com",
  "content": "ㅎㅇ",
  "sendTime": "2022-11-20 17:46:01",
  "_class": "chats"
},{
  "_id": {
    "$oid": "6379e951689c26284dec7926"
  },
  "userid": "gkswotmd96@naver.com",
  "content": "아싸",
  "sendTime": "2022-11-20 17:46:08",
  "_class": "chats"
},{
  "_id": {
    "$oid": "6379e951689c26284dec7927"
  },
  "userid": "goku090@naver.com",
  "content": "오",
  "sendTime": "2022-11-20 17:46:12",
  "_class": "chats"
},{
  "_id": {
    "$oid": "6379e953689c26284dec7928"
  },
  "userid": "gkswotmd96@naver.com",
  "content": "탓다",
  "sendTime": "2022-11-20 17:46:10",
  "_class": "chats"
},{
  "_id": {
    "$oid": "6379e953689c26284dec7929"
  },
  "userid": "goku090@naver.com",
  "content": "심신미약",
  "sendTime": "2022-11-20 17:46:14",
  "_class": "chats"
},{
  "_id": {
    "$oid": "6379e958689c26284dec792a"
  },
  "userid": "a01031619988@gmail.com",
  "content": "하이",
  "sendTime": "2022-11-20 17:46:16",
  "_class": "chats"
},{
  "_id": {
    "$oid": "6379e984689c26284dec792b"
  },
  "userid": "gkswotmd96@naver.com",
  "content": "자리양도는",
  "sendTime": "2022-11-20 17:46:59",
  "_class": "chats"
},{
  "_id": {
    "$oid": "6379e98b689c26284dec792c"
  },
  "userid": "gkswotmd96@naver.com",
  "content": "생성만되나",
  "sendTime": "2022-11-20 17:47:06",
  "_class": "chats"
},{
  "_id": {
    "$oid": "6379e98c689c26284dec792d"
  },
  "userid": "gkswotmd96@naver.com",
  "content": "지금?",
  "sendTime": "2022-11-20 17:47:07",
  "_class": "chats"
},{
  "_id": {
    "$oid": "6379e9e2689c26284dec792e"
  },
  "userid": "goku090@naver.com",
  "content": "안끝나는대?",
  "sendTime": "2022-11-20 17:48:37",
  "_class": "chats"
},{
  "_id": {
    "$oid": "6379e9ec689c26284dec792f"
  },
  "userid": "goku090@naver.com",
  "content": "끝내주세요",
  "sendTime": "2022-11-20 17:48:47",
  "_class": "chats"
},{
  "_id": {
    "$oid": "6379e9f1689c26284dec7930"
  },
  "userid": "gkswotmd96@naver.com",
  "content": "잠만 개최항사람이",
  "sendTime": "2022-11-20 17:48:48",
  "_class": "chats"
},{
  "_id": {
    "$oid": "6379e9f9689c26284dec7931"
  },
  "userid": "gkswotmd96@naver.com",
  "content": "완료되엇다고 보내는게",
  "sendTime": "2022-11-20 17:48:56",
  "_class": "chats"
},{
  "_id": {
    "$oid": "6379e9fe689c26284dec7932"
  },
  "userid": "gkswotmd96@naver.com",
  "content": "없는거같음",
  "sendTime": "2022-11-20 17:49:01",
  "_class": "chats"
},{
  "_id": {
    "$oid": "6379ea11689c26284dec7933"
  },
  "userid": "goku090@naver.com",
  "content": "ㅋㅋㅋ",
  "sendTime": "2022-11-20 17:49:24",
  "_class": "chats"
},{
  "_id": {
    "$oid": "6379ea13689c26284dec7934"
  },
  "userid": "goku090@naver.com",
  "content": "지금 서버 로그에",
  "sendTime": "2022-11-20 17:49:26",
  "_class": "chats"
},{
  "_id": {
    "$oid": "6379ea18689c26284dec7935"
  },
  "userid": "goku090@naver.com",
  "content": "양도이벤트",
  "sendTime": "2022-11-20 17:49:31",
  "_class": "chats"
},{
  "_id": {
    "$oid": "6379ea1e689c26284dec7936"
  },
  "userid": "goku090@naver.com",
  "content": "3명 다 찍혀잇는데",
  "sendTime": "2022-11-20 17:49:37",
  "_class": "chats"
},{
  "_id": {
    "$oid": "6379ea20689c26284dec7937"
  },
  "userid": "goku090@naver.com",
  "content": "시작한거",
  "sendTime": "2022-11-20 17:49:39",
  "_class": "chats"
},{
  "_id": {
    "$oid": "6379ea23689c26284dec7938"
  },
  "userid": "goku090@naver.com",
  "content": "끝난게없음",
  "sendTime": "2022-11-20 17:49:42",
  "_class": "chats"
},{
  "_id": {
    "$oid": "6379ea2c689c26284dec7939"
  },
  "userid": "gkswotmd96@naver.com",
  "content": "ㅋㅋㅋㅋㅋㅋㅋ 그럼 여기서 끝내달라고 요청이 안가나봐",
  "sendTime": "2022-11-20 17:49:47",
  "_class": "chats"
},{
  "_id": {
    "$oid": "6379ea35689c26284dec793a"
  },
  "userid": "gkswotmd96@naver.com",
  "content": "뭐야 내 닉네임 왜 바뀜",
  "sendTime": "2022-11-20 17:49:56",
  "_class": "chats"
},{
  "_id": {
    "$oid": "6379ea39689c26284dec793b"
  },
  "userid": "goku090@naver.com",
  "content": "머암",
  "sendTime": "2022-11-20 17:50:04",
  "_class": "chats"
},{
  "_id": {
    "$oid": "6379ea3a689c26284dec793c"
  },
  "userid": "goku090@naver.com",
  "content": "머임",
  "sendTime": "2022-11-20 17:50:05",
  "_class": "chats"
},{
  "_id": {
    "$oid": "6379ea3e689c26284dec793d"
  },
  "userid": "gkswotmd96@naver.com",
  "content": "나왜 땡신머신됨",
  "sendTime": "2022-11-20 17:50:05",
  "_class": "chats"
},{
  "_id": {
    "$oid": "6379ea47689c26284dec793e"
  },
  "userid": "goku090@naver.com",
  "content": "???",
  "sendTime": "2022-11-20 17:50:18",
  "_class": "chats"
},{
  "_id": {
    "$oid": "6379ea53689c26284dec793f"
  },
  "userid": "goku090@naver.com",
  "content": "머임ㅋㅋㅋㅋ",
  "sendTime": "2022-11-20 17:50:30",
  "_class": "chats"
},{
  "_id": {
    "$oid": "6379ea54689c26284dec7940"
  },
  "userid": "gkswotmd96@naver.com",
  "content": "ㄹㄹ",
  "sendTime": "2022-11-20 17:50:27",
  "_class": "chats"
},{
  "_id": {
    "$oid": "6379ea5b689c26284dec7941"
  },
  "userid": "goku090@naver.com",
  "content": "왜바뀐거지",
  "sendTime": "2022-11-20 17:50:38",
  "_class": "chats"
},{
  "_id": {
    "$oid": "6379ea6d689c26284dec7942"
  },
  "userid": "gkswotmd96@naver.com",
  "content": "잠만 양도부터 다시 찍어볼게",
  "sendTime": "2022-11-20 17:50:52",
  "_class": "chats"
},{
  "_id": {
    "$oid": "6379ea8e689c26284dec7943"
  },
  "userid": "goku090@naver.com",
  "content": "근데 이거",
  "sendTime": "2022-11-20 17:51:29",
  "_class": "chats"
},{
  "_id": {
    "$oid": "6379ea94689c26284dec7944"
  },
  "userid": "goku090@naver.com",
  "content": "어케 탔음?",
  "sendTime": "2022-11-20 17:51:35",
  "_class": "chats"
},{
  "_id": {
    "$oid": "6379ea9c689c26284dec7945"
  },
  "userid": "gkswotmd96@naver.com",
  "content": "탈때까지",
  "sendTime": "2022-11-20 17:51:39",
  "_class": "chats"
},{
  "_id": {
    "$oid": "6379ea9d689c26284dec7946"
  },
  "userid": "goku090@naver.com",
  "content": "만날때까지 계속 다시 들어감?",
  "sendTime": "2022-11-20 17:51:44",
  "_class": "chats"
},{
  "_id": {
    "$oid": "6379ea9f689c26284dec7947"
  },
  "userid": "gkswotmd96@naver.com",
  "content": "나왓다 들어갓다",
  "sendTime": "2022-11-20 17:51:42",
  "_class": "chats"
},{
  "_id": {
    "$oid": "6379eaa1689c26284dec7948"
  },
  "userid": "gkswotmd96@naver.com",
  "content": "ㅋㅋㅋㅋㅋㅋ",
  "sendTime": "2022-11-20 17:51:44",
  "_class": "chats"
},{
  "_id": {
    "$oid": "6379eaa4689c26284dec7949"
  },
  "userid": "goku090@naver.com",
  "content": " ㅋㅋㅋㅋㅋㅋ 환장하네",
  "sendTime": "2022-11-20 17:51:51",
  "_class": "chats"
},{
  "_id": {
    "$oid": "6379ec5e689c26284dec794a"
  },
  "userid": "gkswotmd96@naver.com",
  "content": "ㅎㅇ",
  "sendTime": "2022-11-20 17:59:09",
  "_class": "chats"
},{
  "_id": {
    "$oid": "6379ee7b4ff98f717718ff19"
  },
  "userid": "a01031619988@gmail.com",
  "content": "ㅎㅇ",
  "sendTime": "2022-11-20 18:08:10",
  "_class": "chats"
},{
  "_id": {
    "$oid": "6379ee7d4ff98f717718ff1a"
  },
  "userid": "gkswotmd96@naver.com",
  "content": "ㅎㅇ",
  "sendTime": "2022-11-20 18:08:12",
  "_class": "chats"
},{
  "_id": {
    "$oid": "6379ef554ff98f717718ff1b"
  },
  "userid": "a01031619988@gmail.com",
  "content": "ㄹ",
  "sendTime": "2022-11-20 18:11:49",
  "_class": "chats"
},{
  "_id": {
    "$oid": "6379efd14ff98f717718ff1c"
  },
  "userid": "a01031619988@gmail.com",
  "content": "히ㅣㅣ",
  "sendTime": "2022-11-20 18:13:52",
  "_class": "chats"
},{
  "_id": {
    "$oid": "6379f12d26d6d86684c148d3"
  },
  "userid": "a01031619988@gmail.com",
  "content": "ㄹ",
  "sendTime": "2022-11-20 18:19:41",
  "_class": "chats"
},{
  "_id": {
    "$oid": "6379f12f26d6d86684c148d4"
  },
  "userid": "gkswotmd96@naver.com",
  "content": "ㄹㄹ",
  "sendTime": "2022-11-20 18:19:42",
  "_class": "chats"
},{
  "_id": {
    "$oid": "6379f19c26d6d86684c148d5"
  },
  "userid": "gkswotmd96@naver.com",
  "content": "ㅎㅎ",
  "sendTime": "2022-11-20 18:21:31",
  "_class": "chats"
},{
  "_id": {
    "$oid": "6379f1b326d6d86684c148d6"
  },
  "userid": "a01031619988@gmail.com",
  "content": "",
  "sendTime": "2022-11-20 18:21:55",
  "_class": "chats"
},{
  "_id": {
    "$oid": "6379f3436d774d651b2c248c"
  },
  "userid": "gkswotmd96@naver.com",
  "content": "누두야",
  "sendTime": "2022-11-20 18:28:34",
  "_class": "chats"
},{
  "_id": {
    "$oid": "6379f3456d774d651b2c248d"
  },
  "userid": "gkswotmd96@naver.com",
  "content": "무두야",
  "sendTime": "2022-11-20 18:28:36",
  "_class": "chats"
},{
  "_id": {
    "$oid": "6379f3476d774d651b2c248e"
  },
  "userid": "gkswotmd96@naver.com",
  "content": "누구양",
  "sendTime": "2022-11-20 18:28:38",
  "_class": "chats"
},{
  "_id": {
    "$oid": "6379f34b6d774d651b2c248f"
  },
  "userid": "goku090@naver.com",
  "content": "ㅎㅇ",
  "sendTime": "2022-11-20 18:28:46",
  "_class": "chats"
},{
  "_id": {
    "$oid": "6379f3556d774d651b2c2490"
  },
  "userid": "goku090@naver.com",
  "content": "채팅담당잡니어",
  "sendTime": "2022-11-20 18:28:56",
  "_class": "chats"
},{
  "_id": {
    "$oid": "6379f3556d774d651b2c2491"
  },
  "userid": "gkswotmd96@naver.com",
  "content": "하잇",
  "sendTime": "2022-11-20 18:28:52",
  "_class": "chats"
},{
  "_id": {
    "$oid": "6379f3606d774d651b2c2492"
  },
  "userid": "gkswotmd96@naver.com",
  "content": "하잇",
  "sendTime": "2022-11-20 18:29:03",
  "_class": "chats"
},{
  "_id": {
    "$oid": "6379f3686d774d651b2c2493"
  },
  "userid": "a01031619988@gmail.com",
  "content": "하잇",
  "sendTime": "2022-11-20 18:29:11",
  "_class": "chats"
},{
  "_id": {
    "$oid": "637a025df7276903f71251e6"
  },
  "userid": "goku090@naver.com",
  "content": "ㅇㅇ",
  "sendTime": "2022-11-20 19:33:04",
  "_class": "chats"
},{
  "_id": {
    "$oid": "637a0260f7276903f71251e7"
  },
  "userid": "goku090@naver.com",
  "content": "ㅇㅇ",
  "sendTime": "2022-11-20 19:33:07",
  "_class": "chats"
},{
  "_id": {
    "$oid": "637a04eaf7276903f71251e8"
  },
  "userid": "gkswotmd96@naver.com",
  "content": "하이",
  "sendTime": "2022-11-20 19:43:52",
  "_class": "chats"
},{
  "_id": {
    "$oid": "637a2044dcf79355d25c26b7"
  },
  "userid": "saorin12@naver.com",
  "content": "gdgdgd",
  "sendTime": "2022-11-20 12:40:34",
  "_class": "chats"
},{
  "_id": {
    "$oid": "637a23bd3de55027a00feec2"
  },
  "userid": "gkswotmd96@naver.com",
  "content": "ㅎㅇ",
  "sendTime": "2022-11-20 21:55:24",
  "_class": "chats"
},{
  "_id": {
    "$oid": "637a249e3de55027a00feec3"
  },
  "userid": "gkswotmd96@naver.com",
  "content": "ㅎㅇ",
  "sendTime": "2022-11-20 21:59:09",
  "_class": "chats"
},{
  "_id": {
    "$oid": "637a27ff2ae1395d69821a62"
  },
  "userid": "gkswotmd96@naver.com",
  "content": "누구세요",
  "sendTime": "2022-11-20 22:13:34",
  "_class": "chats"
},{
  "_id": {
    "$oid": "637a28102ae1395d69821a63"
  },
  "userid": "chlwlgp11@naver.com",
  "content": "자리양도좀",
  "sendTime": "2022-11-20 22:13:52",
  "_class": "chats"
},{
  "_id": {
    "$oid": "637a28112ae1395d69821a64"
  },
  "userid": "chlwlgp11@naver.com",
  "content": "해주세요 ",
  "sendTime": "2022-11-20 22:13:53",
  "_class": "chats"
},{
  "_id": {
    "$oid": "637a28292ae1395d69821a65"
  },
  "userid": "gkswotmd96@naver.com",
  "content": "햇어요",
  "sendTime": "2022-11-20 22:14:16",
  "_class": "chats"
},{
  "_id": {
    "$oid": "637a28322ae1395d69821a66"
  },
  "userid": "chlwlgp11@naver.com",
  "content": "아이디가",
  "sendTime": "2022-11-20 22:14:26",
  "_class": "chats"
},{
  "_id": {
    "$oid": "637a28342ae1395d69821a67"
  },
  "userid": "chlwlgp11@naver.com",
  "content": "먼가요",
  "sendTime": "2022-11-20 22:14:28",
  "_class": "chats"
},{
  "_id": {
    "$oid": "637a283a2ae1395d69821a68"
  },
  "userid": "gkswotmd96@naver.com",
  "content": "gkswotmd",
  "sendTime": "2022-11-20 22:14:33",
  "_class": "chats"
},{
  "_id": {
    "$oid": "637a284d2ae1395d69821a69"
  },
  "userid": "chlwlgp11@naver.com",
  "content": "안되네 하 ",
  "sendTime": "2022-11-20 22:14:52",
  "_class": "chats"
},{
  "_id": {
    "$oid": "637a28552ae1395d69821a6a"
  },
  "userid": "gkswotmd96@naver.com",
  "content": "누ㅜ구야",
  "sendTime": "2022-11-20 22:15:00",
  "_class": "chats"
},{
  "_id": {
    "$oid": "637a28692ae1395d69821a6b"
  },
  "userid": "gkswotmd96@naver.com",
  "content": "누구세요",
  "sendTime": "2022-11-20 22:15:20",
  "_class": "chats"
},{
  "_id": {
    "$oid": "637a28762ae1395d69821a6c"
  },
  "userid": "chlwlgp11@naver.com",
  "content": "뭐하세요 여기서",
  "sendTime": "2022-11-20 22:15:34",
  "_class": "chats"
},{
  "_id": {
    "$oid": "637a28802ae1395d69821a6d"
  },
  "userid": "gkswotmd96@naver.com",
  "content": "자리양도받를려고요",
  "sendTime": "2022-11-20 22:15:43",
  "_class": "chats"
},{
  "_id": {
    "$oid": "637a28902ae1395d69821a6e"
  },
  "userid": "chlwlgp11@naver.com",
  "content": "ㄹ참가해바",
  "sendTime": "2022-11-20 22:16:00",
  "_class": "chats"
},{
  "_id": {
    "$oid": "637a28992ae1395d69821a6f"
  },
  "userid": "gkswotmd96@naver.com",
  "content": "참가요청이 404떠서 ",
  "sendTime": "2022-11-20 22:16:09",
  "_class": "chats"
},{
  "_id": {
    "$oid": "637a289d2ae1395d69821a70"
  },
  "userid": "gkswotmd96@naver.com",
  "content": "제대로 안됫을거같은데",
  "sendTime": "2022-11-20 22:16:13",
  "_class": "chats"
},{
  "_id": {
    "$oid": "637a29122ae1395d69821a71"
  },
  "userid": "saorin12@naver.com",
  "content": " hi im bangrangja giraffe",
  "sendTime": "2022-11-20 13:18:09",
  "_class": "chats"
},{
  "_id": {
    "$oid": "637a29cb2ae1395d69821a72"
  },
  "userid": "gkswotmd96@naver.com",
  "content": "ㅎㅇ",
  "sendTime": "2022-11-20 22:21:14",
  "_class": "chats"
},{
  "_id": {
    "$oid": "637a2b522ae1395d69821a73"
  },
  "userid": "saorin12@naver.com",
  "content": "hi",
  "sendTime": "2022-11-20 13:27:44",
  "_class": "chats"
},{
  "_id": {
    "$oid": "637a2b552ae1395d69821a74"
  },
  "userid": "saorin12@naver.com",
  "content": "who",
  "sendTime": "2022-11-20 13:27:47",
  "_class": "chats"
},{
  "_id": {
    "$oid": "637a2b582ae1395d69821a75"
  },
  "userid": "saorin12@naver.com",
  "content": "are you",
  "sendTime": "2022-11-20 13:27:50",
  "_class": "chats"
},{
  "_id": {
    "$oid": "637a2b5b2ae1395d69821a76"
  },
  "userid": "gkswotmd96@naver.com",
  "content": "하이",
  "sendTime": "2022-11-20 22:27:54",
  "_class": "chats"
},{
  "_id": {
    "$oid": "637a2b5c2ae1395d69821a77"
  },
  "userid": "saorin12@naver.com",
  "content": "holy",
  "sendTime": "2022-11-20 13:27:54",
  "_class": "chats"
},{
  "_id": {
    "$oid": "637a2b5d2ae1395d69821a78"
  },
  "userid": "saorin12@naver.com",
  "content": "3 man ",
  "sendTime": "2022-11-20 13:27:56",
  "_class": "chats"
},{
  "_id": {
    "$oid": "637a2b5f2ae1395d69821a79"
  },
  "userid": "a01031619988@gmail.com",
  "content": "하이",
  "sendTime": "2022-11-20 22:27:58",
  "_class": "chats"
},{
  "_id": {
    "$oid": "637a2b662ae1395d69821a7a"
  },
  "userid": "a01031619988@gmail.com",
  "content": "아임투폰",
  "sendTime": "2022-11-20 22:28:05",
  "_class": "chats"
},{
  "_id": {
    "$oid": "637a2b682ae1395d69821a7b"
  },
  "userid": "saorin12@naver.com",
  "content": "im simsinmiyak",
  "sendTime": "2022-11-20 13:28:06",
  "_class": "chats"
},{
  "_id": {
    "$oid": "637a2b712ae1395d69821a7c"
  },
  "userid": "saorin12@naver.com",
  "content": "run",
  "sendTime": "2022-11-20 13:28:16",
  "_class": "chats"
},{
  "_id": {
    "$oid": "637a2c302ae1395d69821a7d"
  },
  "userid": "a01031619988@gmail.com",
  "content": "ㅎㅇ",
  "sendTime": "2022-11-20 22:31:27",
  "_class": "chats"
},{
  "_id": {
    "$oid": "637a2df019682365e319eedb"
  },
  "userid": "a01031619988@gmail.com",
  "content": "ㄴㄷㄴㅌㄴ",
  "sendTime": "2022-11-20 22:38:56",
  "_class": "chats"
},{
  "_id": {
    "$oid": "637a2ed019682365e319eedc"
  },
  "userid": "gkswotmd96@naver.com",
  "content": "두구세요",
  "sendTime": "2022-11-20 22:42:39",
  "_class": "chats"
},{
  "_id": {
    "$oid": "637a2ed819682365e319eedd"
  },
  "userid": "goku090@naver.com",
  "content": "채팅고수요",
  "sendTime": "2022-11-20 22:42:51",
  "_class": "chats"
},{
  "_id": {
    "$oid": "637a2ee119682365e319eede"
  },
  "userid": "gkswotmd96@naver.com",
  "content": "채고시네",
  "sendTime": "2022-11-20 22:42:57",
  "_class": "chats"
},{
  "_id": {
    "$oid": "637a2f3119682365e319eedf"
  },
  "userid": "saorin12@naver.com",
  "content": "hi",
  "sendTime": "2022-11-20 13:44:16",
  "_class": "chats"
},{
  "_id": {
    "$oid": "637a2f3719682365e319eee0"
  },
  "userid": "a01031619988@gmail.com",
  "content": "누구인가",
  "sendTime": "2022-11-20 22:44:22",
  "_class": "chats"
},{
  "_id": {
    "$oid": "637a2f3b19682365e319eee1"
  },
  "userid": "saorin12@naver.com",
  "content": "im penguin",
  "sendTime": "2022-11-20 13:44:25",
  "_class": "chats"
},{
  "_id": {
    "$oid": "637a2f4219682365e319eee2"
  },
  "userid": "gkswotmd96@naver.com",
  "content": "ㅎㅇ",
  "sendTime": "2022-11-20 22:44:34",
  "_class": "chats"
},{
  "_id": {
    "$oid": "637a2f4f19682365e319eee3"
  },
  "userid": "saorin12@naver.com",
  "content": "i want money",
  "sendTime": "2022-11-20 13:44:45",
  "_class": "chats"
},{
  "_id": {
    "$oid": "637a2f6119682365e319eee4"
  },
  "userid": "saorin12@naver.com",
  "content": "ssamoney",
  "sendTime": "2022-11-20 13:45:03",
  "_class": "chats"
},{
  "_id": {
    "$oid": "637a2f6419682365e319eee5"
  },
  "userid": "saorin12@naver.com",
  "content": "yeah",
  "sendTime": "2022-11-20 13:45:07",
  "_class": "chats"
},{
  "_id": {
    "$oid": "637a2f7119682365e319eee6"
  },
  "userid": "gkswotmd96@naver.com",
  "content": "오우 빌런0",
  "sendTime": "2022-11-20 22:45:20",
  "_class": "chats"
},{
  "_id": {
    "$oid": "637a2f8119682365e319eee7"
  },
  "userid": "saorin12@naver.com",
  "content": "hey alpaca",
  "sendTime": "2022-11-20 13:45:36",
  "_class": "chats"
},{
  "_id": {
    "$oid": "637a2f8719682365e319eee8"
  },
  "userid": "saorin12@naver.com",
  "content": "show me your move",
  "sendTime": "2022-11-20 13:45:41",
  "_class": "chats"
},{
  "_id": {
    "$oid": "637a2f9719682365e319eee9"
  },
  "userid": "gkswotmd96@naver.com",
  "content": "노머니",
  "sendTime": "2022-11-20 22:45:58",
  "_class": "chats"
},{
  "_id": {
    "$oid": "637a2fa819682365e319eeea"
  },
  "userid": "gkswotmd96@naver.com",
  "content": "살려주세효",
  "sendTime": "2022-11-20 22:46:16",
  "_class": "chats"
},{
  "_id": {
    "$oid": "637a30df0237175706799e03"
  },
  "userid": "gkswotmd96@naver.com",
  "content": "느그세요",
  "sendTime": "2022-11-20 22:51:26",
  "_class": "chats"
},{
  "_id": {
    "$oid": "637a30e70237175706799e04"
  },
  "userid": "goku090@naver.com",
  "content": "자리양도 테스트하러 옴",
  "sendTime": "2022-11-20 22:51:38",
  "_class": "chats"
},{
  "_id": {
    "$oid": "637a30f30237175706799e05"
  },
  "userid": "gkswotmd96@naver.com",
  "content": "쿠쿸",
  "sendTime": "2022-11-20 22:51:46",
  "_class": "chats"
},{
  "_id": {
    "$oid": "637a315d0237175706799e06"
  },
  "userid": "a01031619988@gmail.com",
  "content": "후아유",
  "sendTime": "2022-11-20 22:53:33",
  "_class": "chats"
},{
  "_id": {
    "$oid": "637a31680237175706799e07"
  },
  "userid": "gkswotmd96@naver.com",
  "content": "당신은",
  "sendTime": "2022-11-20 22:53:43",
  "_class": "chats"
},{
  "_id": {
    "$oid": "637a31690237175706799e08"
  },
  "userid": "gkswotmd96@naver.com",
  "content": "후아유",
  "sendTime": "2022-11-20 22:53:44",
  "_class": "chats"
},{
  "_id": {
    "$oid": "637a316d0237175706799e09"
  },
  "userid": "gkswotmd96@naver.com",
  "content": "아임파인땡큐",
  "sendTime": "2022-11-20 22:53:49",
  "_class": "chats"
},{
  "_id": {
    "$oid": "637a34ebb9331c255e667900"
  },
  "userid": "gkswotmd96@naver.com",
  "content": "ㅎㅇㅎㅇ",
  "sendTime": "2022-11-20 23:08:43",
  "_class": "chats"
},{
  "_id": {
    "$oid": "637a39662765a54c85d8c2c2"
  },
  "userid": "gkswotmd96@naver.com",
  "content": "ㅠ",
  "sendTime": "2022-11-20 23:27:49",
  "_class": "chats"
}]