[{
  "_id": {
    "$oid": "6369fd760c2cc89c5be3c62b"
  },
  "kakaoId": "ssafy",
  "uuid": "a5dedf83-a737-4482-80d4-f04ce346440d",
  "email": "ssafy@google.com"
},{
  "_id": {
    "$oid": "636dab207bc22b0b6067348b"
  },
  "kakaoId": "2520529672",
  "uuid": "ab94a2f0-2d3f-4293-b11f-6136db166871",
  "email": "dojinuk@kakao.com",
  "_class": "com.o2a4.moduleauth.document.Member"
},{
  "_id": {
    "$oid": "63731539c049072067663723"
  },
  "kakaoId": "2526212666",
  "uuid": "1bb4c080-e45b-424c-aaaf-d43ee5ef71a3",
  "email": "saorin12@naver.com",
  "_class": "com.o2a4.moduleauth.document.Member"
},{
  "_id": {
    "$oid": "637589d85ecbaa4ad429efe2"
  },
  "kakaoId": "2537756061",
  "uuid": "445e04ac-5aa7-4f46-b683-fc5f10887a8c",
  "email": "gkswotmd96@naver.com",
  "_class": "com.o2a4.moduleauth.document.Member"
},{
  "_id": {
    "$oid": "63788946dc118e3a4fefb1f5"
  },
  "kakaoId": "2540989698",
  "uuid": "0a76af66-65da-4a85-a2b5-c8ca8ede8e06",
  "email": "goku090@naver.com",
  "_class": "com.o2a4.moduleauth.document.Member"
},{
  "_id": {
    "$oid": "6378dc29dc118e3a4fefb1f6"
  },
  "kakaoId": "2541434446",
  "uuid": "0231cc84-f1b5-4764-a640-b5b768024d45",
  "email": "a01031619988@gmail.com",
  "_class": "com.o2a4.moduleauth.document.Member"
},{
  "_id": {
    "$oid": "6379f9f61d2733476007cd1f"
  },
  "kakaoId": "2542458215",
  "uuid": "7f59055b-5cc6-4322-8af1-0191ce99a709",
  "email": "chlwlgp11@naver.com",
  "_class": "com.o2a4.moduleauth.document.Member"
}]